{
  "tf_monte_carlo": {
    "mae": 9.772229254732387,
    "rmse": 10.08235952618471,
    "r2": -65.5296591398195
  },
  "tf_policy_iteration": {
    "mae": 1.8642714890330268,
    "rmse": 2.231084436994789,
    "r2": -2.257788997470209
  },
  "tf_q_learning": {
    "mae": 2.246285332041024,
    "rmse": 2.644215030018183,
    "r2": -3.5759837929603204
  },
  "ensemble": {
    "mae": 1.0409187280627226,
    "rmse": 1.2697118123330984,
    "r2": -0.055118550198502314
  }
}