{
  "tf_attention_only": {
    "mae": 0.5594283837806333,
    "rmse": 0.6536103491344522,
    "r2": 0.7204054002895135
  },
  "tf_cnn": {
    "mae": 0.2937432578496842,
    "rmse": 0.4055433858570101,
    "r2": 0.892362008795131
  },
  "tf_fnn": {
    "mae": 0.35158145008590425,
    "rmse": 0.4472197414924577,
    "r2": 0.8691020421505855
  },
  "tf_gru": {
    "mae": 0.47852293741352137,
    "rmse": 0.5912634556655452,
    "r2": 0.7712015840967811
  },
  "tf_lstm": {
    "mae": 0.3847736877005344,
    "rmse": 0.48206738362817636,
    "r2": 0.8479079773894571
  },
  "tf_rnn": {
    "mae": 0.3640718134785484,
    "rmse": 0.47574309477417126,
    "r2": 0.851872420773744
  },
  "tf_tabnet": {
    "mae": 0.396975436592767,
    "rmse": 0.5227709801926378,
    "r2": 0.8211397303622303
  },
  "tf_tcn": {
    "mae": 0.3117529826037304,
    "rmse": 0.4125914792748537,
    "r2": 0.8885881339697512
  },
  "tf_transformer": {
    "mae": 1.0467784776280151,
    "rmse": 1.2368745674898516,
    "r2": -0.00124937508548717
  },
  "tf_wavenet": {
    "mae": 0.33504617384855,
    "rmse": 0.4626182633522865,
    "r2": 0.8599327872440646
  },
  "tf_monte_carlo": {
    "mae": 9.772229254732387,
    "rmse": 10.08235952618471,
    "r2": -65.5296591398195
  },
  "tf_policy_iteration": {
    "mae": 1.8642714890330268,
    "rmse": 2.231084436994789,
    "r2": -2.257788997470209
  },
  "tf_q_learning": {
    "mae": 2.246285332041024,
    "rmse": 2.644215030018183,
    "r2": -3.5759837929603204
  },
  "tf_reinforce_mcpg": {
    "mae": 1.2402418557854786,
    "rmse": 1.4544147794002387,
    "r2": -0.384418827391668
  },
  "tf_sarsa": {
    "mae": 1.9406223546481076,
    "rmse": 2.3008617591558407,
    "r2": -2.4647506971728834
  },
  "tf_value_iteration": {
    "mae": 1.9405581932506688,
    "rmse": 2.3008031375987708,
    "r2": -2.4645741489795787
  },
  "tf_a2c": {
    "mae": 2.750106868661711,
    "rmse": 3.0669879288123383,
    "r2": -5.156233332151385
  },
  "tf_a3c": {
    "mae": 1.7465104609267998,
    "rmse": 2.076505365544358,
    "r2": -1.8220002892250782
  },
  "tf_ddpg": {
    "mae": 2.706711947151609,
    "rmse": 3.9997437691997164,
    "r2": -9.47020728428257
  },
  "tf_dqn": {
    "mae": 1.7603635932287107,
    "rmse": 2.1347021867507263,
    "r2": -1.9823975135804335
  },
  "tf_ppo": {
    "mae": 2.2211470158372184,
    "rmse": 2.5958726384032857,
    "r2": -3.410194063140195
  },
  "tf_sac": {
    "mae": 6.86404701827464,
    "rmse": 8.245326454529202,
    "r2": -43.49453260507114
  },
  "tf_trpo": {
    "mae": 1.6608057551221782,
    "rmse": 1.9009783317516284,
    "r2": -1.3650769302802122
  },
  "ensemble": {
    "mae": 0.25440246264999444,
    "rmse": 0.38585767681969974,
    "r2": 0.9025582154602121
  }
}