{
  "tf_lstm": {
    "mae": 0.3349771224484708,
    "rmse": 0.44186087978958105,
    "r2": 0.8722202469255045
  },
  "tf_reinforce_mcpg": {
    "mae": 3.1348235362973473,
    "rmse": 3.369728226003281,
    "r2": -6.4315720062934965
  },
  "tf_sac": {
    "mae": 6.864046998363013,
    "rmse": 8.245326462149086,
    "r2": -43.49453268731001
  },
  "tf_trpo": {
    "mae": 1.660805756795857,
    "rmse": 1.9009783343344453,
    "r2": -1.3650769367069668
  },
  "ensemble": {
    "mae": 0.3000086034558458,
    "rmse": 0.4241733601011209,
    "r2": 0.8822454444399356
  }
}