{
  "tf_sac": {
    "mae": 6.86404701827464,
    "rmse": 8.245326454529202,
    "r2": -43.49453260507114
  },
  "ensemble": {
    "mae": 6.86404701827464,
    "rmse": 8.245326454529202,
    "r2": -43.49453260507114
  }
}