{
  "tf_ddpg": {
    "mae": 2.706711947151609,
    "rmse": 3.9997437691997164,
    "r2": -9.47020728428257
  },
  "ensemble": {
    "mae": 2.706711947151609,
    "rmse": 3.9997437691997164,
    "r2": -9.47020728428257
  }
}