{
  "tf_reinforce_mcpg": {
    "mae": 1.292099596103502,
    "rmse": 1.4912095792401778,
    "r2": -0.4553528756324894
  },
  "tf_sac": {
    "mae": 6.864046998363013,
    "rmse": 8.245326462149086,
    "r2": -43.49453268731001
  },
  "tf_trpo": {
    "mae": 1.660805756795857,
    "rmse": 1.9009783343344453,
    "r2": -1.3650769367069668
  },
  "ensemble": {
    "mae": 1.2742213109885256,
    "rmse": 1.4683896236683198,
    "r2": -0.4111512100092023
  }
}