{
  "tf_attention_only": {
    "mae": 0.3415613646101113,
    "rmse": 0.48544328224575506,
    "r2": 0.8457703298669155
  },
  "tf_cnn": {
    "mae": 0.19772290845179163,
    "rmse": 0.316981538590589,
    "r2": 0.934240443303783
  },
  "tf_fnn": {
    "mae": 0.20055560272118902,
    "rmse": 0.3320618873884547,
    "r2": 0.9278346033976059
  },
  "tf_gru": {
    "mae": 0.19604375112685143,
    "rmse": 0.3178482930606846,
    "r2": 0.93388032569683
  },
  "tf_lstm": {
    "mae": 0.20057025261640551,
    "rmse": 0.3291222585964483,
    "r2": 0.929106658318858
  },
  "tf_rnn": {
    "mae": 0.2969388743850681,
    "rmse": 0.41056461727297894,
    "r2": 0.8896800703071012
  },
  "tf_tabnet": {
    "mae": 0.18101477806272667,
    "rmse": 0.30332773160051885,
    "r2": 0.9397835465715583
  },
  "tf_tcn": {
    "mae": 0.21525723683897455,
    "rmse": 0.339141338487763,
    "r2": 0.9247247167477914
  },
  "tf_transformer": {
    "mae": 0.986256248488195,
    "rmse": 1.2027224617407688,
    "r2": 0.053279497819672894
  },
  "tf_wavenet": {
    "mae": 0.34861137425215605,
    "rmse": 0.4726332970318081,
    "r2": 0.853802627465944
  },
  "tf_monte_carlo": {
    "mae": 9.772229254732387,
    "rmse": 10.08235952618471,
    "r2": -65.5296591398195
  },
  "tf_policy_iteration": {
    "mae": 1.8642714890330268,
    "rmse": 2.231084436994789,
    "r2": -2.257788997470209
  },
  "tf_q_learning": {
    "mae": 2.2520077520753716,
    "rmse": 2.6720992022125922,
    "r2": -3.6730033612033752
  },
  "tf_reinforce_mcpg": {
    "mae": 1.1309121531828539,
    "rmse": 1.343583263336817,
    "r2": -0.18146295633155018
  },
  "tf_sarsa": {
    "mae": 1.938968234323826,
    "rmse": 2.2997492701555347,
    "r2": -2.4614010259632155
  },
  "tf_value_iteration": {
    "mae": 1.9405598650169718,
    "rmse": 2.3008049565417243,
    "r2": -2.46457962694953
  },
  "tf_a2c": {
    "mae": 3.5762302707568168,
    "rmse": 3.7039539725717052,
    "r2": -7.978878631029575
  },
  "tf_a3c": {
    "mae": 1.6547734845432018,
    "rmse": 2.0038342920799357,
    "r2": -1.6279345680703545
  },
  "tf_ddpg": {
    "mae": 1.040115197373859,
    "rmse": 1.2363171899870813,
    "r2": -0.00034718476235950924
  },
  "tf_dqn": {
    "mae": 1.7603635932287107,
    "rmse": 2.1347021867507263,
    "r2": -1.9823975135804335
  },
  "tf_ppo": {
    "mae": 1.3415862051063172,
    "rmse": 1.6525496428205957,
    "r2": -0.7873103401490091
  },
  "tf_sac": {
    "mae": 6.86404701827464,
    "rmse": 8.245326454529202,
    "r2": -43.49453260507114
  },
  "tf_trpo": {
    "mae": 1.6608057551221782,
    "rmse": 1.9009783317516284,
    "r2": -1.3650769302802122
  },
  "ensemble": {
    "mae": 0.1752306614838224,
    "rmse": 0.29218387394502393,
    "r2": 0.9441268155327011
  }
}