{
  "tf_ppo": {
    "mae": 2.326059441331349,
    "rmse": 2.828927256327717,
    "r2": -4.2376261806345905
  },
  "ensemble": {
    "mae": 2.326059441331349,
    "rmse": 2.828927256327717,
    "r2": -4.2376261806345905
  }
}