{
  "tf_value_iteration": {
    "mae": 1.940563305300404,
    "rmse": 2.3008083434111435,
    "r2": -2.464589826934012
  },
  "ensemble": {
    "mae": 1.940563305300404,
    "rmse": 2.3008083434111435,
    "r2": -2.464589826934012
  }
}