{
  "tf_attention_only": {
    "mae": 0.5183064036781538,
    "rmse": 0.6743500685621154,
    "r2": 0.7023802478695462
  },
  "tf_cnn": {
    "mae": 0.2979415855819723,
    "rmse": 0.40910823054776196,
    "r2": 0.8904613529920732
  },
  "tf_fnn": {
    "mae": 0.36723444331500854,
    "rmse": 0.468226132665113,
    "r2": 0.8565164092849832
  },
  "tf_rnn": {
    "mae": 0.33897182091771183,
    "rmse": 0.4524666045483636,
    "r2": 0.8660125876943638
  },
  "ensemble": {
    "mae": 0.26194248218926397,
    "rmse": 0.3885683637547792,
    "r2": 0.9011843308801364
  }
}