{
  "tf_gru": {
    "mae": 0.4128146767417817,
    "rmse": 0.5414464039921338,
    "r2": 0.8081322926892821
  },
  "ensemble": {
    "mae": 0.4128146767417817,
    "rmse": 0.5414464039921338,
    "r2": 0.8081322926892821
  }
}