{
  "tf_value_iteration": {
    "mae": 1.597239207412487,
    "rmse": 1.8431832906120509,
    "r2": -3.01500084908226
  },
  "tf_a2c": {
    "mae": 1.6516734033117306,
    "rmse": 1.9789785334673375,
    "r2": -3.628398655662595
  },
  "tf_a3c": {
    "mae": 1.488653541756839,
    "rmse": 1.7557364809943834,
    "r2": -2.6430678373024254
  },
  "tf_ddpg": {
    "mae": 1.8676032939222857,
    "rmse": 2.9603601773947763,
    "r2": -9.357088781935218
  },
  "tf_dqn": {
    "mae": 1.457160465797604,
    "rmse": 1.7162314451943563,
    "r2": -2.4809701732567975
  },
  "tf_ppo": {
    "mae": 1.8231305762546461,
    "rmse": 2.2551334004806525,
    "r2": -5.010257329132111
  },
  "tf_sac": {
    "mae": 6.171601068906565,
    "rmse": 7.650827517793971,
    "r2": -68.17758785683776
  },
  "tf_trpo": {
    "mae": 1.3835916165032678,
    "rmse": 1.6119646754847172,
    "r2": -2.0708572818275237
  },
  "ensemble": {
    "mae": 0.7973427817663432,
    "rmse": 0.975792464960348,
    "r2": -0.1252875462746219
  }
}