{
  "tf_reinforce_mcpg": {
    "mae": 1.7245689626732064,
    "rmse": 1.9871336611943802,
    "r2": -1.5843129213111635
  },
  "ensemble": {
    "mae": 1.7245689626732064,
    "rmse": 1.9871336611943802,
    "r2": -1.5843129213111635
  }
}