{
  "tf_attention_only": {
    "mae": 0.39572427714485314,
    "rmse": 0.5373774110217272,
    "r2": 0.8110052449082609
  },
  "tf_cnn": {
    "mae": 0.3478177815039381,
    "rmse": 0.44759496792710074,
    "r2": 0.8688822979206955
  },
  "tf_fnn": {
    "mae": 0.39495237983010917,
    "rmse": 0.5350090231241242,
    "r2": 0.8126674900920594
  },
  "ensemble": {
    "mae": 0.3145021750524653,
    "rmse": 0.420651980001476,
    "r2": 0.8841924660691319
  }
}