{
  "tf_sarsa": {
    "mae": 1.9406223546481076,
    "rmse": 2.3008617591558407,
    "r2": -2.4647506971728834
  },
  "ensemble": {
    "mae": 1.9406223546481076,
    "rmse": 2.3008617591558407,
    "r2": -2.4647506971728834
  }
}