{
  "tf_monte_carlo": {
    "mae": 9.772229254732387,
    "rmse": 10.08235952618471,
    "r2": -65.5296591398195
  },
  "tf_policy_iteration": {
    "mae": 1.8642714890330268,
    "rmse": 2.231084436994789,
    "r2": -2.257788997470209
  },
  "ensemble": {
    "mae": 1.0519867782508414,
    "rmse": 1.2880287360060878,
    "r2": -0.08578051373590578
  }
}