{
  "tf_dqn": {
    "mae": 1.7603635932287107,
    "rmse": 2.1347021867507263,
    "r2": -1.9823975135804335
  },
  "ensemble": {
    "mae": 1.7603635932287107,
    "rmse": 2.1347021867507263,
    "r2": -1.9823975135804335
  }
}