{
  "tf_tcn": {
    "mae": 0.3260299606452673,
    "rmse": 0.4292186050129365,
    "r2": 0.8794275693279354
  },
  "ensemble": {
    "mae": 0.3260299606452673,
    "rmse": 0.4292186050129365,
    "r2": 0.8794275693279354
  }
}