{
  "tf_a2c": {
    "mae": 1.734917138599815,
    "rmse": 2.2254698562365833,
    "r2": -2.241413010902559
  },
  "tf_a3c": {
    "mae": 2.4166434767982787,
    "rmse": 2.6973901840155663,
    "r2": -3.76188040811628
  },
  "ensemble": {
    "mae": 1.7349171385998154,
    "rmse": 2.2254698562365838,
    "r2": -2.2414130109025594
  }
}