{
  "tf_attention_only": {
    "mae": 0.3602236887219715,
    "rmse": 0.4879537682634333,
    "r2": 0.8441709973342265
  },
  "tf_cnn": {
    "mae": 0.3307597216059113,
    "rmse": 0.4403368466523746,
    "r2": 0.8731001833245071
  },
  "ensemble": {
    "mae": 0.2971150028948487,
    "rmse": 0.4092750166154515,
    "r2": 0.8903720209136282
  }
}