{
  "tf_lstm": {
    "mae": 0.3641553383884708,
    "rmse": 0.4698560359663887,
    "r2": 0.8555157328817535
  },
  "ensemble": {
    "mae": 0.3641553383884708,
    "rmse": 0.4698560359663887,
    "r2": 0.8555157328817535
  }
}