{
  "tf_monte_carlo": {
    "mae": 9.772229254732387,
    "rmse": 10.08235952618471,
    "r2": -65.5296591398195
  },
  "ensemble": {
    "mae": 9.772229254732387,
    "rmse": 10.08235952618471,
    "r2": -65.5296591398195
  }
}