{
  "tf_a2c": {
    "mae": 4.7057367819866185,
    "rmse": 4.828168118637114,
    "r2": -14.256527866981088
  },
  "tf_a3c": {
    "mae": 1.440321340616964,
    "rmse": 1.8834242074814873,
    "r2": -1.3215991430995486
  },
  "tf_ddpg": {
    "mae": 1.040115197373859,
    "rmse": 1.2363171899870813,
    "r2": -0.00034718476235950924
  },
  "tf_dqn": {
    "mae": 1.7603635932287107,
    "rmse": 2.1347021867507263,
    "r2": -1.9823975135804335
  },
  "tf_ppo": {
    "mae": 1.3415862051063172,
    "rmse": 1.6525496428205957,
    "r2": -0.7873103401490091
  },
  "tf_sac": {
    "mae": 6.86404701827464,
    "rmse": 8.245326454529202,
    "r2": -43.49453260507114
  },
  "tf_trpo": {
    "mae": 1.6608057551221782,
    "rmse": 1.9009783317516284,
    "r2": -1.3650769302802122
  },
  "ensemble": {
    "mae": 1.0365631718622152,
    "rmse": 1.2359190158812778,
    "r2": 0.000297064476979636
  }
}