{
  "tf_tabnet": {
    "mae": 0.39676555724536333,
    "rmse": 0.5308984758676132,
    "r2": 0.8155350341658282
  },
  "ensemble": {
    "mae": 0.39676555724536333,
    "rmse": 0.5308984758676132,
    "r2": 0.8155350341658282
  }
}