{
  "tf_transformer": {
    "mae": 1.04423957245391,
    "rmse": 1.2363054798857955,
    "r2": -0.0003282347526494256
  },
  "ensemble": {
    "mae": 1.04423957245391,
    "rmse": 1.2363054798857955,
    "r2": -0.0003282347526494256
  }
}