{
  "tf_attention_only": {
    "mae": 0.3765207716860617,
    "rmse": 0.5388463874467662,
    "r2": 0.8099705594247322
  },
  "ensemble": {
    "mae": 0.3765207716860617,
    "rmse": 0.5388463874467662,
    "r2": 0.8099705594247322
  }
}