{
  "tf_trpo": {
    "mae": 1.3122317016547165,
    "rmse": 1.5343246968708235,
    "r2": -0.5407262783473328
  },
  "ensemble": {
    "mae": 1.3122317016547165,
    "rmse": 1.5343246968708235,
    "r2": -0.5407262783473328
  }
}