{
  "tf_wavenet": {
    "mae": 0.41567918831779355,
    "rmse": 0.5403201740477916,
    "r2": 0.8089296474073682
  },
  "ensemble": {
    "mae": 0.41567918831779355,
    "rmse": 0.5403201740477916,
    "r2": 0.8089296474073682
  }
}