{
    "clinical_metrics": {
        "TIR": 62.11944348045556,
        "TAR_L1": 26.160204435751016,
        "TAR_L2": 8.966148215919487,
        "TAR": 35.1263526516705,
        "TBR_L1": 2.3724642710666624,
        "TBR_L2": 0.3817395968072688,
        "TBR": 2.7542038678739313,
        "LBGI": 0.10173330456018448,
        "HBGI": 0.6555393934249878
    },
    "fqe_value": 63.12097930908203,
    "statistical_comparison": {
        "t_statistic": NaN,
        "p_value": NaN
    },
    "baseline_metrics": {
        "TIR": 62.11944348045556,
        "TAR_L1": 26.160204435751016,
        "TAR_L2": 8.966148215919487,
        "TAR": 35.1263526516705,
        "TBR_L1": 2.3724642710666624,
        "TBR_L2": 0.3817395968072688,
        "TBR": 2.7542038678739313,
        "LBGI": 0.10173329536538979,
        "HBGI": 0.655539512203131
    }
}