{
    "clinical_metrics": {
        "TIR": 62.11944348045556,
        "TAR_L1": 26.160204435751016,
        "TAR_L2": 8.966148215919487,
        "TAR": 35.1263526516705,
        "TBR_L1": 2.3724642710666624,
        "TBR_L2": 0.3817395968072688,
        "TBR": 2.7542038678739313,
        "LBGI": 0.10173330456018448,
        "HBGI": 0.6555393934249878
    },
    "fqe_value": 3.8824102878570557,
    "statistical_comparison": {
        "t_statistic": -5.277948765563824e-07,
        "p_value": 0.9999995788822775,
        "mean_predicted": 162.27078247070312,
        "mean_actual": 162.27078272391708,
        "std_predicted": 60.39621353149414,
        "std_actual": 60.396211253013774
    },
    "baseline_metrics": {
        "TIR": 62.11944348045556,
        "TAR_L1": 26.160204435751016,
        "TAR_L2": 8.966148215919487,
        "TAR": 35.1263526516705,
        "TBR_L1": 2.3724642710666624,
        "TBR_L2": 0.3817395968072688,
        "TBR": 2.7542038678739313,
        "LBGI": 0.10173329536538979,
        "HBGI": 0.655539512203131
    }
}