{"state_mean": [0.19434534927157268, -0.013704281326701265, 0.006310172774907479, 158.92649267857317, 60.7079652481571, 63.75592765077125, 3.4080042418789227, 32.836068107349824, 38.20182956260506, 4.053679754472736, 0.0001908477594215966, 151.0186776242062, 2297.6817332835262, 22165.99738513261], "state_std": [1.3374696550091414, 0.709634136350655, 0.7044750829535441, 1.2148687418522195, 0.171983203446342, 1.6501970913350985, 0.014264602070292353, 1.6359324892648068, 0.40029582808293507, 0.03997458268554253, 0.00024351015347654883, 2.000006175276699, 73.00022539759951, 1713.0052891244925], "feature_columns": ["bolus", "hour_sin", "hour_cos", "cgm_mean_24h", "cgm_std_24h", "time_in_range_24h", "hypo_percentage_24h", "hyper_percentage_24h", "cv_24h", "mage_24h", "glucose_trend_24h", "cgm_median_24h", "hypo_episodes_24h", "hyper_episodes_24h"]}