{
  "pt_a2c": {
    "mae": 0.6569850957357689,
    "rmse": 0.832875213239643,
    "r2": -0.009280722369920946
  },
  "pt_a3c": {
    "mae": 0.6485346159246832,
    "rmse": 0.8225984933294316,
    "r2": 0.01547233854901009
  },
  "ensemble": {
    "mae": 0.6485346159246832,
    "rmse": 0.8225984933294316,
    "r2": 0.01547233854901009
  }
}