{
  "jax_gru": {
    "mae": 0.24717060558713305,
    "rmse": 0.3903417190507753,
    "r2": 0.9002803192439321
  },
  "ensemble": {
    "mae": 0.24717060558713305,
    "rmse": 0.3903417190507753,
    "r2": 0.9002803192439321
  }
}