{
  "jax_reinforce_mcpg": {
    "mae": 8.402352994416006,
    "rmse": 8.784935762696144,
    "r2": -49.50892426492046
  },
  "ensemble": {
    "mae": 8.402352994416006,
    "rmse": 8.784935762696144,
    "r2": -49.50892426492046
  }
}