{
  "jax_transformer": {
    "mae": 0.4055375587273494,
    "rmse": 0.5516506482554435,
    "r2": 0.8008321641400108
  },
  "ensemble": {
    "mae": 0.4055375587273494,
    "rmse": 0.5516506482554435,
    "r2": 0.8008321641400108
  }
}