{
  "jax_wavenet": {
    "mae": 0.21689558263371164,
    "rmse": 0.3441691973362193,
    "r2": 0.9224762206790678
  },
  "ensemble": {
    "mae": 0.21689558263371164,
    "rmse": 0.3441691973362193,
    "r2": 0.9224762206790678
  }
}