{
  "jax_fnn": {
    "mae": 1.0410876900308914,
    "rmse": 1.2361406128653025,
    "r2": -6.145580235639159e-05
  },
  "ensemble": {
    "mae": 1.0410876900308914,
    "rmse": 1.2361406128653025,
    "r2": -6.145580235639159e-05
  }
}