{
  "jax_attention_only": {
    "mae": 0.19223529109785495,
    "rmse": 0.3124240182398584,
    "r2": 0.9361178144037361
  },
  "ensemble": {
    "mae": 0.19223529109785495,
    "rmse": 0.3124240182398584,
    "r2": 0.9361178144037361
  }
}