{
  "jax_sarsa": {
    "mae": 1.1059539996675287,
    "rmse": 1.3399617056784476,
    "r2": -0.17510239829165686
  },
  "ensemble": {
    "mae": 1.1059539996675287,
    "rmse": 1.3399617056784476,
    "r2": -0.17510239829165686
  }
}