{
  "jax_value_iteration": {
    "mae": 1.1363932679462143,
    "rmse": 1.3393824347708587,
    "r2": -0.17408661478885534
  },
  "ensemble": {
    "mae": 1.1363932679462143,
    "rmse": 1.3393824347708587,
    "r2": -0.17408661478885534
  }
}