{
  "jax_attention_only": {
    "mae": 0.2223404628679329,
    "rmse": 0.35913351423784334,
    "r2": 0.9155882684372686
  },
  "jax_cnn": {
    "mae": 0.2528255500146037,
    "rmse": 0.38754225805761794,
    "r2": 0.9017055335896793
  },
  "jax_fnn": {
    "mae": 0.2938669118232348,
    "rmse": 0.4329332359577616,
    "r2": 0.8773315737074496
  },
  "jax_gru": {
    "mae": 0.3263330482846724,
    "rmse": 0.46735999083352464,
    "r2": 0.8570467606908635
  },
  "jax_lstm": {
    "mae": 0.28456146752378436,
    "rmse": 0.42990394052799275,
    "r2": 0.8790422247141164
  },
  "jax_rnn": {
    "mae": 0.2455807893569422,
    "rmse": 0.3768701453221943,
    "r2": 0.907044646044549
  },
  "jax_tabnet": {
    "mae": 0.9531663524465667,
    "rmse": 1.144543780399554,
    "r2": 0.14265472628884157
  },
  "jax_tcn": {
    "mae": 0.31268813781305216,
    "rmse": 0.45824046748753416,
    "r2": 0.8625711800580026
  },
  "jax_transformer": {
    "mae": 0.37200152896629446,
    "rmse": 0.5186615779977493,
    "r2": 0.8239406505776832
  },
  "jax_wavenet": {
    "mae": 0.24369264929079285,
    "rmse": 0.37477501549494713,
    "r2": 0.9080753044373769
  },
  "jax_monte_carlo": {
    "mae": 5.976928686520126,
    "rmse": 6.103411032950887,
    "r2": -23.38013889493035
  },
  "jax_policy_iteration": {
    "mae": 1.0401158429099608,
    "rmse": 1.2363179198349816,
    "r2": -0.0003483658532863476
  },
  "jax_q_learning": {
    "mae": 7.8911162352312365,
    "rmse": 9.923439121159525,
    "r2": -63.44887755649448
  },
  "jax_reinforce_mcpg": {
    "mae": 10.29185584435142,
    "rmse": 10.5495928957881,
    "r2": -71.8387258368956
  },
  "jax_sarsa": {
    "mae": 1.7893796847304906,
    "rmse": 2.0707567990652223,
    "r2": -1.8063971499001457
  },
  "jax_value_iteration": {
    "mae": 1.1363932679462143,
    "rmse": 1.3393824347708587,
    "r2": -0.17408661478885534
  },
  "jax_a2c": {
    "mae": 1.0401158429099608,
    "rmse": 1.2363179198349816,
    "r2": -0.0003483658532863476
  },
  "jax_a3c": {
    "mae": 1.0401158429099608,
    "rmse": 1.2363179198349816,
    "r2": -0.0003483658532863476
  },
  "jax_ddpg": {
    "mae": 1.0401158429099608,
    "rmse": 1.2363179198349816,
    "r2": -0.0003483658532863476
  },
  "jax_dqn": {
    "mae": 1.0401158429099608,
    "rmse": 1.2363179198349816,
    "r2": -0.0003483658532863476
  },
  "jax_ppo": {
    "mae": 1.0401158429099608,
    "rmse": 1.2363179198349816,
    "r2": -0.0003483658532863476
  },
  "jax_sac": {
    "mae": 1.0401158429099608,
    "rmse": 1.2363179198349816,
    "r2": -0.0003483658532863476
  },
  "jax_trpo": {
    "mae": 1.0401158429099608,
    "rmse": 1.2363179198349816,
    "r2": -0.0003483658532863476
  },
  "ensemble": {
    "mae": 0.21992924635982866,
    "rmse": 0.35799700092871806,
    "r2": 0.9161216815252251
  }
}