{
  "jax_monte_carlo": {
    "mae": 5.976928686520126,
    "rmse": 6.103411032950887,
    "r2": -23.38013889493035
  },
  "jax_policy_iteration": {
    "mae": 1.0401158429099608,
    "rmse": 1.2363179198349816,
    "r2": -0.0003483658532863476
  },
  "ensemble": {
    "mae": 1.0418078036480496,
    "rmse": 1.2361026306093725,
    "r2": -1.5543122344752192e-15
  }
}