{
  "jax_lstm": {
    "mae": 1.041419272357084,
    "rmse": 1.2359318389656622,
    "r2": 0.0002763198465649541
  },
  "ensemble": {
    "mae": 1.041419272357084,
    "rmse": 1.2359318389656622,
    "r2": 0.0002763198465649541
  }
}