{
  "jax_tabnet": {
    "mae": 1.355891212393606,
    "rmse": 1.4958039676830643,
    "r2": -0.46433451972612794
  },
  "ensemble": {
    "mae": 1.355891212393606,
    "rmse": 1.4958039676830643,
    "r2": -0.46433451972612794
  }
}