{
  "jax_attention_only": {
    "mae": 0.21335409743837774,
    "rmse": 0.3456543680249908,
    "r2": 0.9218057105629861
  },
  "ensemble": {
    "mae": 0.21335409743837774,
    "rmse": 0.3456543680249908,
    "r2": 0.9218057105629861
  }
}