{
  "jax_monte_carlo": {
    "mae": 5.976928686520126,
    "rmse": 6.103411032950887,
    "r2": -23.38013889493035
  },
  "ensemble": {
    "mae": 5.976928686520126,
    "rmse": 6.103411032950887,
    "r2": -23.38013889493035
  }
}