{
  "jax_a2c": {
    "mae": 1.0401158429099608,
    "rmse": 1.2363179198349816,
    "r2": -0.0003483658532863476
  },
  "jax_a3c": {
    "mae": 1.0401158429099608,
    "rmse": 1.2363179198349816,
    "r2": -0.0003483658532863476
  },
  "jax_ddpg": {
    "mae": 1.0401158429099608,
    "rmse": 1.2363179198349816,
    "r2": -0.0003483658532863476
  },
  "jax_dqn": {
    "mae": 1.0401158429099608,
    "rmse": 1.2363179198349816,
    "r2": -0.0003483658532863476
  },
  "jax_ppo": {
    "mae": 1.0401158429099608,
    "rmse": 1.2363179198349816,
    "r2": -0.0003483658532863476
  },
  "ensemble": {
    "mae": 1.0401158429099608,
    "rmse": 1.2363179198349816,
    "r2": -0.0003483658532863476
  }
}