{
  "jax_q_learning": {
    "mae": 6.2039958896776195,
    "rmse": 7.984243184273217,
    "r2": -40.721359457429635
  },
  "ensemble": {
    "mae": 6.2039958896776195,
    "rmse": 7.984243184273217,
    "r2": -40.721359457429635
  }
}