{
  "jax_rnn": {
    "mae": 1.0408677538587139,
    "rmse": 1.2361673944695617,
    "r2": -0.00010478993441465079
  },
  "ensemble": {
    "mae": 1.0408677538587139,
    "rmse": 1.2361673944695617,
    "r2": -0.00010478993441465079
  }
}