{
  "jax_tcn": {
    "mae": 0.23167646900891717,
    "rmse": 0.36835370404637585,
    "r2": 0.9111983528680325
  },
  "ensemble": {
    "mae": 0.23167646900891717,
    "rmse": 0.36835370404637585,
    "r2": 0.9111983528680325
  }
}