{
  "pt_a2c": {
    "mae": 0.7890723376006475,
    "rmse": 1.21252243705305,
    "r2": 0.1120837120448116
  },
  "pt_a3c": {
    "mae": 0.8531588478719297,
    "rmse": 1.2756496961535266,
    "r2": 0.01722225076751005
  },
  "pt_ddpg": {
    "mae": 0.7695484897092282,
    "rmse": 1.0613773163906677,
    "r2": 0.3196505175701668
  },
  "pt_dqn": {
    "mae": 0.9168979431079843,
    "rmse": 1.4025222106254829,
    "r2": -0.1879877172143023
  },
  "pt_ppo": {
    "mae": 0.8992554811641319,
    "rmse": 1.2906579546491004,
    "r2": -0.006038914944308527
  },
  "pt_sac": {
    "mae": 0.9376047536779857,
    "rmse": 1.2815083308218727,
    "r2": 0.008174378937439886
  },
  "pt_trpo": {
    "mae": 0.8386829924612428,
    "rmse": 1.2663251748899855,
    "r2": 0.0315372144962196
  },
  "ensemble": {
    "mae": 0.7645811467362241,
    "rmse": 1.060934695726637,
    "r2": 0.3202178444656867
  }
}