{
  "pt_sarsa": {
    "mae": 1.0405360875954839,
    "rmse": 1.2362222840241135,
    "r2": -0.0001936072344479456
  },
  "ensemble": {
    "mae": 1.0405360875954839,
    "rmse": 1.2362222840241135,
    "r2": -0.0001936072344479456
  }
}