{
  "pt_reinforce_mcpg": {
    "mae": 0.6860670709430259,
    "rmse": 0.8673822493459703,
    "r2": 0.5076068538887779
  },
  "ensemble": {
    "mae": 0.6860670709430259,
    "rmse": 0.8673822493459703,
    "r2": 0.5076068538887779
  }
}