{
  "pt_trpo": {
    "mae": 13.463148164885585,
    "rmse": 13.530613868957916,
    "r2": -118.81906869403596
  },
  "ensemble": {
    "mae": 13.463148164885585,
    "rmse": 13.530613868957916,
    "r2": -118.81906869403596
  }
}