{
  "pt_cnn": {
    "mae": 0.2616341621140039,
    "rmse": 0.3862325327264155,
    "r2": 0.9023687965460766
  },
  "ensemble": {
    "mae": 0.2616341621140039,
    "rmse": 0.3862325327264155,
    "r2": 0.9023687965460766
  }
}