{
  "pt_attention_only": {
    "mae": 0.26098408829569286,
    "rmse": 0.38009989137003647,
    "r2": 0.9054445796530299
  },
  "pt_cnn": {
    "mae": 0.2625489000421357,
    "rmse": 0.3719679375741475,
    "r2": 0.9094471857484505
  },
  "pt_fnn": {
    "mae": 0.31026962226537974,
    "rmse": 0.45565364540931863,
    "r2": 0.8641184047131473
  },
  "pt_gru": {
    "mae": 0.3031406013527439,
    "rmse": 0.43234634898592134,
    "r2": 0.8776639284380728
  },
  "pt_lstm": {
    "mae": 0.35899061788026393,
    "rmse": 0.5107861762910063,
    "r2": 0.8292466593618931
  },
  "pt_rnn": {
    "mae": 0.2331664018815867,
    "rmse": 0.3844340942791896,
    "r2": 0.9032758921656813
  },
  "pt_tabnet": {
    "mae": 0.4231218617147635,
    "rmse": 0.5249055319378614,
    "r2": 0.8196761221637494
  },
  "pt_tcn": {
    "mae": 0.22791476214056194,
    "rmse": 0.3844746470198571,
    "r2": 0.9032554848469656
  },
  "pt_transformer": {
    "mae": 0.9799135577294257,
    "rmse": 1.2133362277201414,
    "r2": 0.03649656229667364
  },
  "pt_wavenet": {
    "mae": 0.3079348065763501,
    "rmse": 0.4482400187029546,
    "r2": 0.8685041054657376
  },
  "pt_monte_carlo": {
    "mae": 0.30005157786660763,
    "rmse": 0.44874754961659863,
    "r2": 0.8682061578853401
  },
  "pt_policy_iteration": {
    "mae": 0.30111204293436794,
    "rmse": 0.46164946887766456,
    "r2": 0.8605188179649733
  },
  "pt_q_learning": {
    "mae": 0.6369931065452309,
    "rmse": 0.7899049361248524,
    "r2": 0.5916424456625391
  },
  "pt_reinforce_mcpg": {
    "mae": 0.6860670709430259,
    "rmse": 0.8673822493459703,
    "r2": 0.5076068538887779
  },
  "pt_sarsa": {
    "mae": 1.0395521601837192,
    "rmse": 1.2364977903451468,
    "r2": -0.0006394661554982584
  },
  "pt_value_iteration": {
    "mae": 1.0401158429099608,
    "rmse": 1.2363179198349816,
    "r2": -0.0003483658532863476
  },
  "pt_a2c": {
    "mae": 0.993401183370072,
    "rmse": 1.1830071992289275,
    "r2": 0.08406276649391398
  },
  "pt_a3c": {
    "mae": 1.0055460740468494,
    "rmse": 1.2262329451643326,
    "r2": 0.015905286266880703
  },
  "pt_ddpg": {
    "mae": 1.125793997925275,
    "rmse": 1.3406342402122895,
    "r2": -0.17628227569801247
  },
  "pt_dqn": {
    "mae": 1.2773454731029255,
    "rmse": 1.8759785971969785,
    "r2": -1.3032797913953291
  },
  "pt_ppo": {
    "mae": 1.0402546841674452,
    "rmse": 1.2365234023665659,
    "r2": -0.0006809197918331567
  },
  "pt_sac": {
    "mae": 4.944374081240327,
    "rmse": 5.09946487620573,
    "r2": -16.01923943936648
  },
  "pt_trpo": {
    "mae": 13.463148164885585,
    "rmse": 13.530613868957916,
    "r2": -118.81906869403596
  },
  "ensemble": {
    "mae": 0.2349354920775829,
    "rmse": 0.36006556453436145,
    "r2": 0.9151495565420101
  }
}