{
  "pt_a2c": {
    "mae": 0.8494998028461069,
    "rmse": 1.277345850700286,
    "r2": 0.014607032546318566
  },
  "pt_a3c": {
    "mae": 0.8926521517995464,
    "rmse": 1.2897027486289026,
    "r2": -0.004550342670363916
  },
  "pt_ddpg": {
    "mae": 0.7694605881465657,
    "rmse": 1.0591386087707204,
    "r2": 0.32251754185215653
  },
  "pt_dqn": {
    "mae": 0.9509087771044644,
    "rmse": 1.4422190161818487,
    "r2": -0.2561887234202478
  },
  "pt_ppo": {
    "mae": 0.9233619269968407,
    "rmse": 1.2868841334074044,
    "r2": -0.00016429810983220605
  },
  "pt_sac": {
    "mae": 0.9689996243707872,
    "rmse": 1.2952282268049695,
    "r2": -0.013176378823200885
  },
  "pt_trpo": {
    "mae": 0.8485353621316695,
    "rmse": 1.2651426227268383,
    "r2": 0.03334515930798887
  },
  "ensemble": {
    "mae": 0.7694605881465658,
    "rmse": 1.0591386087707204,
    "r2": 0.32251754185215653
  }
}