{
  "pt_ddpg": {
    "mae": 1.125793998873103,
    "rmse": 1.3406342413008523,
    "r2": -0.17628227760823845
  },
  "ensemble": {
    "mae": 1.125793998873103,
    "rmse": 1.3406342413008523,
    "r2": -0.17628227760823845
  }
}