{
  "pt_sac": {
    "mae": 4.944374077072777,
    "rmse": 5.099464871106617,
    "r2": -16.019239405330346
  },
  "ensemble": {
    "mae": 4.944374077072777,
    "rmse": 5.099464871106617,
    "r2": -16.019239405330346
  }
}