{
  "pt_a2c": {
    "mae": 0.6120694731882307,
    "rmse": 0.8010990348263987,
    "r2": 0.06626310358306864
  },
  "pt_a3c": {
    "mae": 0.6482990124830551,
    "rmse": 0.825598993763893,
    "r2": 0.008276936842127935
  },
  "pt_ddpg": {
    "mae": 0.5542310359981256,
    "rmse": 0.648178771722261,
    "r2": 0.38871785557508287
  },
  "pt_dqn": {
    "mae": 0.6963642140188058,
    "rmse": 1.043494684310747,
    "r2": -0.5842823552352634
  },
  "pt_ppo": {
    "mae": 0.6536487308092905,
    "rmse": 0.8297602357347864,
    "r2": -0.0017453615319915627
  },
  "pt_sac": {
    "mae": 0.6282827281564789,
    "rmse": 0.7949040751429868,
    "r2": 0.0806485823667471
  },
  "pt_trpo": {
    "mae": 0.6330105717939793,
    "rmse": 0.8082739369622156,
    "r2": 0.04946250372198002
  },
  "ensemble": {
    "mae": 0.5539433055630215,
    "rmse": 0.6467392689056202,
    "r2": 0.3914299630997443
  }
}