{
  "pt_dqn": {
    "mae": 1.2668977427323411,
    "rmse": 1.7485352409869217,
    "r2": -1.0009660410689114
  },
  "ensemble": {
    "mae": 1.2668977427323411,
    "rmse": 1.7485352409869217,
    "r2": -1.0009660410689114
  }
}