{
  "pt_attention_only": {
    "mae": 0.27375210725455995,
    "rmse": 0.3840739604830885,
    "r2": 0.9034570275267921
  },
  "ensemble": {
    "mae": 0.27375210725455995,
    "rmse": 0.3840739604830885,
    "r2": 0.9034570275267921
  }
}