{
  "pt_policy_iteration": {
    "mae": 0.2847146983395866,
    "rmse": 0.4467058119618481,
    "r2": 0.8694027161427058
  },
  "pt_ppo": {
    "mae": 1.0402546844534668,
    "rmse": 1.2365234024213294,
    "r2": -0.0006809198804700323
  },
  "ensemble": {
    "mae": 0.2847146983395866,
    "rmse": 0.4467058119618481,
    "r2": 0.8694027161427058
  }
}