{
  "pt_a2c": {
    "mae": 0.6570752382521237,
    "rmse": 0.8307895533650045,
    "r2": -0.004232233439742217
  },
  "pt_a3c": {
    "mae": 0.6544574947265562,
    "rmse": 0.8281104815655715,
    "r2": 0.00223407881176807
  },
  "pt_ddpg": {
    "mae": 0.5542310359981256,
    "rmse": 0.648178771722261,
    "r2": 0.38871785557508287
  },
  "pt_dqn": {
    "mae": 0.6963642140188058,
    "rmse": 1.043494684310747,
    "r2": -0.5842823552352634
  },
  "pt_ppo": {
    "mae": 0.6536487308092905,
    "rmse": 0.8297602357347864,
    "r2": -0.0017453615319915627
  },
  "pt_sac": {
    "mae": 0.6282827281564789,
    "rmse": 0.7949040751429868,
    "r2": 0.0806485823667471
  },
  "pt_trpo": {
    "mae": 0.6330105717939793,
    "rmse": 0.8082739369622156,
    "r2": 0.04946250372198002
  },
  "ensemble": {
    "mae": 0.5546010574819081,
    "rmse": 0.6479340253465247,
    "r2": 0.38917939751509745
  }
}