{
  "pt_attention_only": {
    "mae": 0.48935086844970527,
    "rmse": 0.6637436759470108,
    "r2": 0.48513375959629756
  },
  "pt_cnn": {
    "mae": 0.5241281690899063,
    "rmse": 0.7129196796234337,
    "r2": 0.4060158855820386
  },
  "pt_fnn": {
    "mae": 0.4569314043357898,
    "rmse": 0.6376920455711059,
    "r2": 0.524757115419895
  },
  "pt_gru": {
    "mae": 0.4507887350870843,
    "rmse": 0.6168682290047731,
    "r2": 0.5552884286518771
  },
  "pt_lstm": {
    "mae": 0.4904890562516176,
    "rmse": 0.6656631986752019,
    "r2": 0.48215150440786325
  },
  "pt_rnn": {
    "mae": 0.43860307275734184,
    "rmse": 0.6147815466424013,
    "r2": 0.5582919948009092
  },
  "pt_tabnet": {
    "mae": 0.5037038861230829,
    "rmse": 0.7022412839335238,
    "r2": 0.4236764863785065
  },
  "pt_tcn": {
    "mae": 0.4850790650672513,
    "rmse": 0.6577720570238389,
    "r2": 0.49435645885968793
  },
  "pt_transformer": {
    "mae": 0.8468510328511388,
    "rmse": 1.0200315708211667,
    "r2": -0.21596437501249266
  },
  "pt_wavenet": {
    "mae": 0.4783280490570496,
    "rmse": 0.6470546921002275,
    "r2": 0.5106995609492582
  },
  "pt_monte_carlo": {
    "mae": 0.4895531582725358,
    "rmse": 0.67013864513079,
    "r2": 0.4751648054960359
  },
  "pt_policy_iteration": {
    "mae": 0.4455517210197054,
    "rmse": 0.6255734692782672,
    "r2": 0.5426483317036921
  },
  "pt_q_learning": {
    "mae": 0.49187418379691733,
    "rmse": 0.6662387131269025,
    "r2": 0.4812556816324921
  },
  "pt_reinforce_mcpg": {
    "mae": 0.9310486608658632,
    "rmse": 1.0779634735733787,
    "r2": -0.35800607938378115
  },
  "pt_sarsa": {
    "mae": 0.9894229657282999,
    "rmse": 1.1384201860963872,
    "r2": -0.5146029543786192
  },
  "pt_value_iteration": {
    "mae": 0.9986399682929414,
    "rmse": 1.1471969783720986,
    "r2": -0.538047020223712
  },
  "pt_a2c": {
    "mae": 1.0059128866582043,
    "rmse": 1.1507154266471284,
    "r2": -0.5474958552029241
  },
  "pt_a3c": {
    "mae": 0.9807832346196574,
    "rmse": 1.1284762550121608,
    "r2": -0.4882588517100248
  },
  "pt_ddpg": {
    "mae": 0.9535768269369164,
    "rmse": 1.092516109421605,
    "r2": -0.3949200694334811
  },
  "pt_dqn": {
    "mae": 1.0820825983903586,
    "rmse": 1.4494843439438152,
    "r2": -1.4553911235325625
  },
  "pt_ppo": {
    "mae": 0.9927053483646173,
    "rmse": 1.1415307796592244,
    "r2": -0.5228911959293794
  },
  "pt_sac": {
    "mae": 0.9388551638909768,
    "rmse": 1.0811241690236206,
    "r2": -0.3659813705382271
  },
  "pt_trpo": {
    "mae": 1.0054843276206202,
    "rmse": 1.1545896897045946,
    "r2": -0.5579337074126589
  },
  "ensemble": {
    "mae": 0.4254149191966715,
    "rmse": 0.5840116478568919,
    "r2": 0.601400598910601
  }
}