{
  "pt_a2c": {
    "mae": 0.8885612016199232,
    "rmse": 1.286808981971746,
    "r2": -1.7671584562117815e-05
  },
  "pt_a3c": {
    "mae": 0.8777818871058214,
    "rmse": 1.2780525706432286,
    "r2": 0.01354576024733134
  },
  "pt_ddpg": {
    "mae": 0.7701831555847793,
    "rmse": 1.0566460075051058,
    "r2": 0.3257226983551763
  },
  "pt_dqn": {
    "mae": 0.9283942951067791,
    "rmse": 1.396480601216478,
    "r2": -0.1777397189428256
  },
  "pt_ppo": {
    "mae": 0.9233509042027049,
    "rmse": 1.2868979161335579,
    "r2": -0.00015590314485747214
  },
  "pt_sac": {
    "mae": 0.969014466226995,
    "rmse": 1.2952434130044994,
    "r2": -0.013169930489890014
  },
  "pt_trpo": {
    "mae": 0.8254963747525164,
    "rmse": 1.253537524076812,
    "r2": 0.05102628111192842
  },
  "ensemble": {
    "mae": 0.7701831555847793,
    "rmse": 1.0566460075051058,
    "r2": 0.3257226983551763
  }
}