{
  "pt_attention_only": {
    "mae": 0.1914300654985594,
    "rmse": 0.3091666208894774,
    "r2": 0.8870376312567226
  },
  "pt_cnn": {
    "mae": 0.17728544746192215,
    "rmse": 0.3143006344309843,
    "r2": 0.8832547801208839
  },
  "pt_fnn": {
    "mae": 0.20755065438890166,
    "rmse": 0.3434160519689664,
    "r2": 0.8606234294058648
  },
  "pt_gru": {
    "mae": 0.2161736016424235,
    "rmse": 0.33174359365483097,
    "r2": 0.8699370255105427
  },
  "pt_lstm": {
    "mae": 0.23996128398906008,
    "rmse": 0.3450951513272844,
    "r2": 0.8592571610832753
  },
  "pt_rnn": {
    "mae": 0.18458094704092481,
    "rmse": 0.30265971292338467,
    "r2": 0.8917425423579576
  },
  "pt_tabnet": {
    "mae": 0.29476522066841193,
    "rmse": 0.41041758785209925,
    "r2": 0.800932428086841
  },
  "pt_tcn": {
    "mae": 0.2018023743925877,
    "rmse": 0.3141928609690054,
    "r2": 0.8833348300982121
  },
  "pt_transformer": {
    "mae": 0.7781509935326661,
    "rmse": 0.9426326541766658,
    "r2": -0.05010699808112906
  },
  "pt_wavenet": {
    "mae": 0.22182117979614394,
    "rmse": 0.335322877993232,
    "r2": 0.8671153055860675
  },
  "pt_monte_carlo": {
    "mae": 0.2570358107215566,
    "rmse": 0.35129599053667576,
    "r2": 0.8541538469693483
  },
  "pt_policy_iteration": {
    "mae": 0.19478135728619633,
    "rmse": 0.3126014003580643,
    "r2": 0.8845137098215285
  },
  "pt_q_learning": {
    "mae": 0.21186852505248244,
    "rmse": 0.33222536436804617,
    "r2": 0.8695589863731454
  },
  "pt_reinforce_mcpg": {
    "mae": 0.594264470374113,
    "rmse": 0.826520103007513,
    "r2": 0.19266192568017526
  },
  "pt_sarsa": {
    "mae": 0.8023196132044937,
    "rmse": 0.9549757304191293,
    "r2": -0.07778779533410174
  },
  "pt_value_iteration": {
    "mae": 0.8065942952812214,
    "rmse": 0.9602074515082574,
    "r2": -0.08962920740706348
  },
  "pt_a2c": {
    "mae": 0.8016379192111093,
    "rmse": 0.9545106838769094,
    "r2": -0.07673834573854932
  },
  "pt_a3c": {
    "mae": 0.8272629350273282,
    "rmse": 0.9823176704743115,
    "r2": -0.14038764900815637
  },
  "pt_ddpg": {
    "mae": 0.6386201879173863,
    "rmse": 0.8429631140433254,
    "r2": 0.16021959864056978
  },
  "pt_dqn": {
    "mae": 0.8639746884895966,
    "rmse": 1.191984707600103,
    "r2": -0.6791518008916169
  },
  "pt_ppo": {
    "mae": 0.8045295781177392,
    "rmse": 0.9577071211123471,
    "r2": -0.08396191981803969
  },
  "pt_sac": {
    "mae": 0.7724659333059083,
    "rmse": 0.9237980071362194,
    "r2": -0.008562076987440381
  },
  "pt_trpo": {
    "mae": 0.794107629452196,
    "rmse": 0.9470632243459223,
    "r2": -0.060001641028022634
  },
  "ensemble": {
    "mae": 0.17377538097549103,
    "rmse": 0.29005884013028477,
    "r2": 0.9005692296538342
  }
}