{
  "pt_a2c": {
    "mae": 0.8074092455427616,
    "rmse": 0.9621138310811655,
    "r2": -0.09396016510814609
  },
  "pt_a3c": {
    "mae": 0.8029846488990973,
    "rmse": 0.9563487862694853,
    "r2": -0.08088929133583544
  },
  "pt_ddpg": {
    "mae": 0.6386201879173863,
    "rmse": 0.8429631140433254,
    "r2": 0.16021959864056978
  },
  "pt_dqn": {
    "mae": 0.8639746884895966,
    "rmse": 1.191984707600103,
    "r2": -0.6791518008916169
  },
  "pt_ppo": {
    "mae": 0.8045295781177392,
    "rmse": 0.9577071211123471,
    "r2": -0.08396191981803969
  },
  "pt_sac": {
    "mae": 0.8014138869882768,
    "rmse": 0.9537495447131991,
    "r2": -0.07502182023732407
  },
  "pt_trpo": {
    "mae": 0.794107629452196,
    "rmse": 0.9470632243459223,
    "r2": -0.060001641028022634
  },
  "ensemble": {
    "mae": 0.6470163741928516,
    "rmse": 0.8393033390980686,
    "r2": 0.16749568351372635
  }
}