{
  "pt_q_learning": {
    "mae": 0.6410000611716462,
    "rmse": 0.8031633591972547,
    "r2": 0.5778189714621874
  },
  "ensemble": {
    "mae": 0.6410000611716462,
    "rmse": 0.8031633591972547,
    "r2": 0.5778189714621874
  }
}