{
  "pt_attention_only": {
    "mae": 0.21126816168737925,
    "rmse": 0.34265035761292284,
    "r2": 0.9231589452567456
  },
  "pt_cnn": {
    "mae": 0.20321130396214654,
    "rmse": 0.325772423394015,
    "r2": 0.9305424315255149
  },
  "pt_fnn": {
    "mae": 0.20539727121026455,
    "rmse": 0.3418341005423551,
    "r2": 0.9235246086511383
  },
  "pt_gru": {
    "mae": 0.20366112269083872,
    "rmse": 0.34502890363849903,
    "r2": 0.9220884409336146
  },
  "pt_lstm": {
    "mae": 0.2210171928744655,
    "rmse": 0.36613967666566033,
    "r2": 0.9122626473546834
  },
  "pt_rnn": {
    "mae": 0.201090662798824,
    "rmse": 0.3403704092985408,
    "r2": 0.9241781228072574
  },
  "pt_tabnet": {
    "mae": 0.23487417034604238,
    "rmse": 0.3635741387007431,
    "r2": 0.9134878895733439
  },
  "pt_tcn": {
    "mae": 0.20915091850732234,
    "rmse": 0.34799441474636533,
    "r2": 0.9207433912041256
  },
  "pt_transformer": {
    "mae": 0.9151881645632566,
    "rmse": 1.1675274697378293,
    "r2": 0.10787614236353082
  },
  "pt_wavenet": {
    "mae": 0.23851650789133136,
    "rmse": 0.3905161532312767,
    "r2": 0.900191174750599
  },
  "pt_monte_carlo": {
    "mae": 0.2603013492843071,
    "rmse": 0.39467914896762707,
    "r2": 0.8980518604350879
  },
  "pt_policy_iteration": {
    "mae": 0.2303030840089232,
    "rmse": 0.36571507413968046,
    "r2": 0.9124660227492513
  },
  "pt_q_learning": {
    "mae": 0.25200019427161247,
    "rmse": 0.3881838446861798,
    "r2": 0.9013798059230014
  },
  "pt_reinforce_mcpg": {
    "mae": 0.5814201850101692,
    "rmse": 0.8105188028213874,
    "r2": 0.5700508177946235
  },
  "pt_sarsa": {
    "mae": 1.0408448448210916,
    "rmse": 1.2361706215086077,
    "r2": -0.00011001152727363461
  },
  "pt_value_iteration": {
    "mae": 1.0401158429099608,
    "rmse": 1.2363179198349816,
    "r2": -0.0003483658532863476
  },
  "pt_a2c": {
    "mae": 1.0402197443491439,
    "rmse": 1.2352178418906021,
    "r2": 0.0014310657316514153
  },
  "pt_a3c": {
    "mae": 1.0057737248489773,
    "rmse": 1.214778679598201,
    "r2": 0.03420431479828345
  },
  "pt_ddpg": {
    "mae": 0.6180108734066936,
    "rmse": 0.8264322973978074,
    "r2": 0.5530020810287732
  },
  "pt_dqn": {
    "mae": 1.065673739689464,
    "rmse": 1.3798389087265652,
    "r2": -0.2460851278932248
  },
  "pt_ppo": {
    "mae": 1.0521378686391747,
    "rmse": 1.239060589558623,
    "r2": -0.004791670258352143
  },
  "pt_sac": {
    "mae": 1.0385960694252043,
    "rmse": 1.2354253505501505,
    "r2": 0.0010955312225051639
  },
  "pt_trpo": {
    "mae": 9.770504136845924,
    "rmse": 10.999060912661161,
    "r2": -78.17756710152041
  },
  "ensemble": {
    "mae": 0.19417357795959386,
    "rmse": 0.3216591565443653,
    "r2": 0.9322853284492966
  }
}