{
  "pt_wavenet": {
    "mae": 0.28808026616895205,
    "rmse": 0.4385427537344921,
    "r2": 0.8741321490056404
  },
  "ensemble": {
    "mae": 0.28808026616895205,
    "rmse": 0.4385427537344921,
    "r2": 0.8741321490056404
  }
}