{
  "pt_fnn": {
    "mae": 0.2904178129555706,
    "rmse": 0.422273934272961,
    "r2": 0.8832976805436574
  },
  "pt_gru": {
    "mae": 0.35775253312728345,
    "rmse": 0.4680163306878754,
    "r2": 0.8566449642487118
  },
  "pt_monte_carlo": {
    "mae": 0.2863526739583185,
    "rmse": 0.4198603259524714,
    "r2": 0.8846279483133521
  },
  "pt_value_iteration": {
    "mae": 1.0401158429099608,
    "rmse": 1.2363179198349816,
    "r2": -0.0003483658532863476
  },
  "pt_a2c": {
    "mae": 1.0412763831980827,
    "rmse": 1.2356904254253633,
    "r2": 0.0006668320969976937
  },
  "pt_a3c": {
    "mae": 1.0055460740468494,
    "rmse": 1.2262329451643326,
    "r2": 0.015905286266880703
  },
  "pt_ddpg": {
    "mae": 1.125793997925275,
    "rmse": 1.3406342402122895,
    "r2": -0.17628227569801247
  },
  "pt_dqn": {
    "mae": 1.2773454731029255,
    "rmse": 1.8759785971969785,
    "r2": -1.3032797913953291
  },
  "pt_trpo": {
    "mae": 13.463148164885585,
    "rmse": 13.530613868957916,
    "r2": -118.81906869403596
  },
  "ensemble": {
    "mae": 0.2745725727545922,
    "rmse": 0.41328439730237115,
    "r2": 0.8882136031338514
  }
}