{
  "time_in_range": 23.070342420740133,
  "time_below_range": 3.998048247104947,
  "time_severe_below": 6.079823577401591,
  "time_above_range": 14.583333333333336,
  "time_severe_above": 52.26845242142
}